strain,genus
NF3,#FF005A
NBRC 14893,#00FF00
NBRC 13350,#00FF00
KM-6054,#006FFF
DSM 41855 ,#FF005A
DSM 40593,#00FF00
DSM 41398,#00FF00
HCCB 10218,#00FF00
2297,#00FF00
KLBMP 5084,#00FF00
ACT12,#00FF00
S21,#00FF00
YIM 101047,#006FFF
DM-1,#006FFF
ATCC 27952,#00FF00
MMS16-BH015,#006FFF
TFH56,#00FF00
DSM 106435,#006FFF
ATCC 15855,#00FF00
VK-A60T,#00FF00
TXX3120,#00FF00
NBRC 13850,#FF005A
CGMCC 15060,#00FF00
ATCC 27064,#00FF00
ATCC 13879,#00FF00
ATCC 12853,#00FF00
ATCC 12769,#00FF00
NRRL 8067,#00FF00
L06,#00FF00
K155,#00FF00
